Data,Dia desde contágio 1,Casos confirmados,Óbitos,Casos ativos,Taxa morte contaminados,Curados,Casos negativos,Testes realizados,Novos Casos,Novos óbitos,Novos testes realizados,Suspeitos,Óbitos suspeitos,Suspeitos ativos,Leitos clinicos ocupados,Leitos UTI ocupados - COVID-19,Leitos UTI ocupados - Outras enfermidades,Total leitos UTI,Semana de pandemia
2020/03/30,1,1,0,,0.0,,2,3,1,0,3,29,2,27,,,,,1
2020/03/31,2,1,0,,0.0,,3,4,0,0,1,30,3,27,8.0,2.0,,,1
2020/04/01,3,1,0,,0.0,,4,5,0,0,1,32,2,30,8.0,2.0,,,1
2020/04/02,4,1,0,,0.0,,7,8,0,0,3,34,2,32,8.0,3.0,,,1
2020/04/03,5,1,0,,0.0,,9,10,0,0,2,37,2,35,7.0,3.0,,,1
2020/04/04,6,1,0,,0.0,,9,10,0,0,0,38,2,36,10.0,3.0,,,1
2020/04/05,7,1,0,,0.0,,9,10,0,0,0,39,2,37,11.0,1.0,,,2
2020/04/06,8,2,0,,0.0,,16,18,1,0,8,41,1,40,9.0,2.0,,,2
2020/04/07,9,2,1,,0.5,,17,19,0,1,1,41,1,40,6.0,1.0,,,2
2020/04/08,10,4,1,,0.25,,22,26,2,0,7,36,1,35,4.0,2.0,,,2
2020/04/09,11,6,1,,0.166666667,,25,31,2,0,5,37,1,36,5.0,3.0,,,2
2020/04/10,12,9,1,,0.111111111,,25,34,3,0,3,39,1,38,7.0,3.0,,,2
2020/04/11,13,10,1,,0.1,,26,36,1,0,2,42,1,41,8.0,4.0,,,2
2020/04/12,14,10,1,,0.1,,26,36,0,0,0,47,2,45,8.0,4.0,,,3
2020/04/13,15,10,1,,0.1,,30,40,0,0,4,46,2,44,10.0,3.0,,,3
2020/04/14,16,10,1,,0.1,,34,44,0,0,4,49,2,47,10.0,1.0,,,3
2020/04/15,17,12,1,,0.083333333,,41,53,2,0,9,44,2,42,8.0,2.0,,,3
2020/04/16,18,13,1,4.0,0.076923077,8.0,49,62,1,0,9,42,1,41,8.0,2.0,,,3
2020/04/17,19,14,1,5.0,0.071428571,8.0,57,71,1,0,9,34,1,33,9.0,2.0,,,3
2020/04/18,20,14,1,3.0,0.071428571,10.0,57,71,0,0,0,36,1,35,9.0,3.0,,,3
2020/04/19,21,14,1,3.0,0.071428571,10.0,57,71,0,0,0,38,1,37,7.0,5.0,,,4
2020/04/20,22,14,1,3.0,0.071428571,10.0,65,79,0,0,8,33,2,31,8.0,4.0,,,4
2020/04/21,23,18,1,4.0,0.055555556,13.0,67,85,4,0,6,32,2,30,11.0,2.0,,,4
2020/04/22,24,20,1,3.0,0.05,16.0,79,99,2,0,14,20,2,18,9.0,2.0,,,4
2020/04/23,25,24,1,5.0,0.041666667000000004,18.0,89,113,4,0,14,14,2,12,11.0,2.0,,,4
2020/04/24,26,26,1,7.0,0.038461537999999997,18.0,91,117,2,0,4,17,2,15,11.0,3.0,,,4
2020/04/25,27,27,1,8.0,0.037037037,18.0,95,122,1,0,5,16,2,14,14.0,3.0,,,4
2020/04/26,28,27,1,8.0,0.037037037,18.0,95,122,0,0,0,16,2,14,14.0,3.0,,,5
2020/04/27,29,27,1,4.0,0.037037037,22.0,105,132,0,0,10,15,1,14,11.0,3.0,,,5
2020/04/28,30,28,1,3.0,0.035714286,24.0,106,134,1,0,2,16,2,14,11.0,3.0,,,5
2020/04/29,31,30,1,5.0,0.033333333,24.0,107,137,2,0,3,19,2,17,15.0,3.0,,,5
2020/04/30,32,32,1,4.0,0.03125,27.0,107,139,2,0,2,22,3,19,16.0,2.0,,,5
2020/05/01,33,32,1,3.0,0.03125,28.0,109,141,0,0,2,21,3,18,13.0,2.0,,,5
2020/05/02,34,32,1,3.0,0.03125,28.0,111,143,0,0,2,21,3,18,11.0,3.0,,,5
2020/05/03,35,32,1,2.0,0.03125,29.0,117,149,0,0,6,15,2,13,5.0,4.0,,,6
2020/05/04,36,34,1,2.0,0.029411764710000003,31.0,121,155,2,0,6,22,3,19,9.0,3.0,,,6
2020/05/05,37,35,1,2.0,0.028571428569999998,32.0,121,156,1,0,1,28,4,24,15.0,3.0,,,6
2020/05/06,38,35,1,2.0,0.028571428569999998,32.0,126,161,0,0,5,24,3,21,15.0,2.0,,,6
2020/05/07,39,35,1,2.0,0.028571428569999998,32.0,126,161,0,0,0,28,3,25,15.0,2.0,,,6
2020/05/08,40,37,1,3.0,0.02702702703,33.0,140,177,2,0,16,28,3,25,15.0,3.0,,,6
2020/05/09,41,37,1,3.0,0.02702702703,33.0,144,181,0,0,4,18,2,16,12.0,3.0,,,6
2020/05/10,42,38,1,3.0,0.026315789469999996,34.0,145,183,1,0,2,20,2,18,13.0,3.0,,,7
2020/05/11,43,42,1,6.0,0.02380952381,35.0,148,190,4,0,7,20,4,16,13.0,3.0,,,7
2020/05/12,44,43,2,6.0,0.04651162791,35.0,156,199,1,1,9,17,3,14,12.0,2.0,,,7
2020/05/13,45,45,2,8.0,0.04444444444,35.0,159,204,2,0,5,21,3,18,14.0,4.0,,,7
2020/05/14,46,46,2,9.0,0.04347826087,35.0,164,210,1,0,6,18,2,16,14.0,3.0,,,7
2020/05/15,47,51,2,13.0,0.03921568627,36.0,167,218,5,0,8,17,3,14,10.0,3.0,,,7
2020/05/16,48,52,2,13.0,0.03846153846000001,37.0,169,221,1,0,3,20,3,17,14.0,3.0,,,7
2020/05/17,49,53,2,14.0,0.03773584906000001,37.0,169,222,1,0,1,21,4,17,14.0,4.0,,,8
2020/05/18,50,57,3,15.0,0.052631578949999994,39.0,179,236,4,1,14,16,3,13,11.0,3.0,,,8
2020/05/19,51,57,3,15.0,0.052631578949999994,39.0,184,241,0,0,5,26,3,23,10.0,4.0,,,8
2020/05/20,52,60,4,14.0,0.06666666667,42.0,194,254,3,1,13,31,2,29,13.0,3.0,,,8
2020/05/21,53,66,4,20.0,0.060606060610000005,42.0,203,269,6,0,15,22,3,19,14.0,4.0,,,8
2020/05/22,54,75,4,25.0,0.05333333333,48.0,214,289,9,0,20,23,3,20,13.0,5.0,,,8
2020/05/23,55,80,4,28.0,0.05,48.0,217,297,5,0,8,20,4,16,17.0,4.0,,,8
2020/05/24,56,81,4,24.0,0.049382716050000004,53.0,218,299,1,0,2,18,4,14,14.0,3.0,,,9
2020/05/25,57,90,4,32.0,0.04444444444,54.0,221,311,9,0,12,12,3,9,16.0,2.0,,,9
2020/05/26,58,99,4,30.0,0.0404040404,65.0,228,327,9,0,16,15,2,13,18.0,2.0,,,9
2020/05/27,59,112,4,35.0,0.03571428571,73.0,241,353,13,0,26,25,3,22,23.0,1.0,,,9
2020/05/28,60,116,4,33.0,0.03448275862,79.0,247,363,4,0,10,25,3,22,19.0,1.0,,,9
2020/05/29,61,137,4,40.0,0.029197080289999996,93.0,284,421,21,0,58,30,3,27,20.0,4.0,,,9
2020/05/30,62,137,4,32.0,0.029197080289999996,101.0,285,422,0,0,1,36,3,33,21.0,5.0,,,9
2020/05/31,63,138,4,24.0,0.02898550725,110.0,287,425,1,0,3,35,2,33,18.0,5.0,,,10
2020/06/01,64,146,4,27.0,0.027397260269999998,115.0,296,442,8,0,17,27,1,26,17.0,5.0,,,10
2020/06/02,65,151,4,27.0,0.02649006623,120.0,309,460,5,0,18,40,2,38,20.0,6.0,,,10
2020/06/03,66,158,4,26.0,0.025316455699999997,128.0,321,479,7,0,19,34,1,33,13.0,8.0,,,10
2020/06/04,67,169,4,31.0,0.02366863905,134.0,331,500,11,0,21,34,2,32,15.0,10.0,,,10
2020/06/05,68,177,4,28.0,0.02259887006,144.0,347,524,8,0,24,42,3,39,20.0,8.0,,,10
2020/06/06,69,184,4,33.0,0.02173913043,146.0,347,531,7,0,7,46,3,43,19.0,9.0,,,10
2020/06/07,70,192,5,37.0,0.026041666669999998,149.0,355,547,8,1,16,43,2,41,19.0,8.0,,,11
2020/06/08,71,205,5,37.0,0.0243902439,162.0,374,579,13,0,32,50,5,45,13.0,10.0,,,11
2020/06/09,72,227,6,49.0,0.026431718059999998,171.0,397,624,22,1,45,43,5,38,18.0,9.0,,,11
2020/06/10,73,237,6,46.0,0.025316455699999997,184.0,410,647,10,0,23,50,5,45,19.0,9.0,,,11
2020/06/11,74,246,7,42.0,0.02845528455,196.0,434,680,9,1,33,48,5,43,21.0,9.0,,,11
2020/06/12,75,253,7,36.0,0.027667984189999998,209.0,449,702,7,0,22,49,5,44,16.0,8.0,,,11
2020/06/13,76,268,9,41.0,0.03358208955,217.0,469,737,15,2,35,47,4,43,16.0,10.0,,,11
2020/06/14,77,271,10,35.0,0.036900369,225.0,474,745,3,1,8,46,4,42,16.0,11.0,,,12
2020/06/15,78,276,11,36.0,0.03985507246,228.0,481,757,5,1,12,46,5,41,14.0,10.0,,,12
2020/06/16,79,294,12,48.0,0.04081632653,233.0,506,800,18,1,43,44,4,40,14.0,9.0,,,12
2020/06/17,80,323,13,55.0,0.04024767802,253.0,555,878,29,1,78,37,2,35,19.0,9.0,,,12
2020/06/18,81,342,14,62.0,0.04093567251,264.0,586,928,19,1,50,31,2,29,18.0,11.0,,,12
2020/06/19,82,367,14,73.0,0.03814713896,278.0,590,957,25,0,29,32,2,30,21.0,9.0,,,12
2020/06/20,83,399,15,92.0,0.03759398496,290.0,616,1015,32,1,58,38,2,36,20.0,10.0,,,12
2020/06/21,84,408,15,94.0,0.03676470588,297.0,645,1053,9,0,38,38,3,35,19.0,10.0,,,13
2020/06/22,85,425,16,93.0,0.037647058819999996,314.0,671,1096,17,1,43,34,3,31,20.0,8.0,,,13
2020/06/23,86,454,16,100.0,0.03524229075,334.0,674,1128,29,0,32,37,3,34,19.0,9.0,,,13
2020/06/24,87,495,16,120.0,0.03232323232,355.0,722,1217,41,0,89,36,2,34,16.0,11.0,,,13
2020/06/25,88,538,18,124.0,0.03345724906999999,393.0,773,1311,43,2,94,33,1,32,21.0,9.0,,,13
2020/06/26,89,598,18,163.0,0.03010033445,414.0,775,1373,60,0,62,42,2,40,21.0,12.0,,,13
2020/06/27,90,631,18,149.0,0.028526148969999998,461.0,844,1475,33,0,102,47,2,45,26.0,13.0,,,13
2020/06/28,91,645,18,132.0,0.027906976739999995,492.0,854,1499,14,0,24,50,2,48,21.0,15.0,,,14
2020/06/29,92,666,18,109.0,0.02702702703,536.0,866,1532,21,0,33,47,6,41,18.0,17.0,,,14
2020/06/30,93,701,19,112.0,0.02710413695,567.0,925,1626,35,1,94,53,5,48,17.0,14.0,,,14
2020/07/01,94,733,21,126.0,0.02864938608,583.0,989,1722,32,2,96,46,4,42,22.0,14.0,,,14
2020/07/02,95,768,22,117.0,0.028645833330000002,626.0,1014,1782,35,1,60,38,4,34,24.0,13.0,,,14
2020/07/03,96,803,22,131.0,0.027397260269999998,647.0,1094,1897,35,0,115,43,7,35,18.0,15.0,,,14
2020/07/04,97,855,22,139.0,0.025730994150000002,691.0,1135,1990,52,0,93,52,7,45,22.0,20.0,,,14
2020/07/05,98,896,23,122.0,0.025669642859999998,748.0,1154,2050,41,1,60,50,6,44,19.0,17.0,,,15
2020/07/06,99,919,24,124.0,0.02611534276,767.0,1197,2116,23,1,66,51,4,47,21.0,18.0,,,15
2020/07/07,100,947,24,119.0,0.025343189019999997,800.0,1219,2166,28,0,50,54,4,50,26.0,17.0,,,15
2020/07/08,101,969,24,111.0,0.024767801859999997,831.0,1273,2242,22,0,76,68,5,63,31.0,19.0,,,15
2020/07/09,102,1016,26,120.0,0.025590551180000004,866.0,1364,2380,47,2,138,73,5,68,33.0,21.0,,,15
2020/07/10,103,1040,26,108.0,0.025,902.0,1392,2432,24,0,52,72,4,68,37.0,22.0,,,15
2020/07/11,104,1045,27,103.0,0.02583732057,911.0,1427,2472,5,1,40,72,6,66,29.0,21.0,,,15
2020/07/12,105,1052,29,101.0,0.02756653992,917.0,1429,2481,7,2,9,75,5,70,31.0,21.0,,,16
2020/07/13,106,1061,30,87.0,0.028275212060000002,939.0,1438,2499,9,1,18,71,6,65,35.0,18.0,,,16
2020/07/14,107,1090,30,92.0,0.02752293578,963.0,1484,2574,29,0,75,66,8,58,33.0,22.0,,,16
2020/07/15,108,1128,31,90.0,0.027482269500000003,1002.0,1522,2650,38,1,76,63,6,57,37.0,18.0,,,16
2020/07/16,109,1155,33,91.0,0.028571428569999998,1025.0,1582,2737,27,2,87,71,7,64,33.0,24.0,,,16
2020/07/17,110,1182,33,91.0,0.027918781729999998,1052.0,1620,2802,27,0,65,80,8,72,36.0,21.0,,,16
2020/07/18,111,1200,36,94.0,0.03,1064.0,1621,2821,18,3,19,82,10,72,36.0,20.0,,,16
2020/07/19,112,1216,37,91.0,0.030427631580000003,1082.0,1621,2837,16,1,16,81,10,71,31.0,20.0,,,17
2020/07/20,113,1231,38,85.0,0.03086921202,1102.0,1624,2855,15,1,18,80,11,69,30.0,20.0,,,17
2020/07/21,114,1281,38,101.0,0.029664324750000002,1135.0,1676,2957,50,0,102,75,8,67,27.0,21.0,,,17
2020/07/22,115,1323,39,100.0,0.029478458050000003,1176.0,1733,3056,42,1,99,70,7,63,26.0,22.0,,,17
2020/07/23,116,1365,42,119.0,0.03076923077,1196.0,1813,3178,42,3,122,67,6,61,33.0,22.0,,,17
2020/07/24,117,1405,43,120.0,0.030604982210000003,1234.0,1868,3273,40,1,95,59,7,52,31.0,25.0,,,17
2020/07/25,118,1445,45,122.0,0.031141868510000004,1270.0,1954,3399,40,2,126,58,5,53,26.0,20.0,,,17
2020/07/26,119,1451,46,104.0,0.03170227429,1293.0,2016,3467,6,1,68,58,5,53,28.0,19.0,,,18
2020/07/27,120,1478,47,108.0,0.03179972936,1314.0,2075,3553,27,1,86,58,3,55,28.0,22.0,,,18
2020/07/28,121,1526,47,108.0,0.030799475750000003,1361.0,2140,3666,48,0,113,70,5,65,31.0,23.0,,,18
2020/07/29,122,1573,47,109.0,0.029879211699999998,1407.0,2202,3775,47,0,109,77,6,71,33.0,24.0,,,18
2020/07/30,123,1615,48,106.0,0.029721362230000003,1451.0,2278,3893,42,1,118,61,4,57,27.0,22.0,,,18
2020/07/31,124,1655,48,102.0,0.029003021150000002,1495.0,2406,4061,40,0,168,56,5,51,25.0,22.0,,,18
2020/08/01,125,1675,48,103.0,0.02865671642,1514.0,2526,4201,20,0,140,55,5,50,24.0,23.0,,,18
2020/08/02,126,1680,48,94.0,0.028571428569999998,1528.0,2550,4230,5,0,29,50,4,46,25.0,23.0,,,19
2020/08/03,127,1700,48,82.0,0.02823529412,1560.0,2617,4317,20,0,87,55,4,51,22.0,22.0,,,19
2020/08/04,128,1734,49,76.0,0.02825836217,1598.0,2728,4462,34,1,145,47,3,44,24.0,18.0,,,19
2020/08/05,129,1762,51,68.0,0.028944381380000002,1632.0,2789,4551,28,2,89,47,4,43,23.0,15.0,,,19
2020/08/06,130,1787,51,73.0,0.02853945159,1652.0,2907,4694,25,0,143,36,3,33,21.0,15.0,,,19
2020/08/07,131,1809,52,74.0,0.02874516307,1672.0,2971,4780,22,1,86,42,3,39,25.0,15.0,,,19
2020/08/08,132,1821,52,68.0,0.02855573861,1690.0,3028,4849,12,0,69,41,1,40,25.0,15.0,,,19
2020/08/09,133,1822,52,65.0,0.02854006586,1694.0,3031,4853,1,0,4,39,1,38,23.0,15.0,,,20
2020/08/10,134,1839,52,67.0,0.02827623709,1709.0,3095,4934,17,0,81,34,2,32,20.0,14.0,,,20
2020/08/11,135,1863,52,61.0,0.02791196994,1739.0,3186,5049,24,0,115,30,3,27,20.0,12.0,,,20
2020/08/12,136,1880,55,62.0,0.02925531915,1752.0,3308,5188,17,3,139,33,2,31,19.0,11.0,,,20
2020/08/13,137,1897,55,63.0,0.02899314707,1768.0,3427,5324,17,0,136,29,1,28,19.0,12.0,,,20
2020/08/14,138,1921,57,67.0,0.029672045810000002,1786.0,3531,5452,24,2,128,27,1,26,17.0,10.0,,,20
2020/08/15,139,1931,57,53.0,0.029518384260000006,1810.0,3566,5497,10,0,45,28,1,27,19.0,12.0,,,20
2020/08/16,140,1933,58,49.0,0.03000517331,1815.0,3584,5517,2,1,20,25,1,24,18.0,12.0,,,21
2020/08/17,141,1946,58,40.0,0.02980472765,1836.0,3653,5599,13,0,82,30,3,27,17.0,6.0,,,21
2020/08/18,142,1968,58,47.0,0.02947154472,1851.0,3770,5738,22,0,139,32,4,28,19.0,7.0,,,21
2020/08/19,143,1993,58,51.0,0.0291018565,1872.0,3905,5898,25,0,160,43,4,39,22.0,10.0,,,21
2020/08/20,144,2017,58,63.0,0.028755577589999998,1884.0,3959,5976,24,0,78,38,4,34,21.0,9.0,,,21
2020/08/21,145,2029,58,60.0,0.0285855101,1899.0,3966,5995,12,0,19,39,2,37,26.0,8.0,,,21
2020/08/22,146,2043,58,62.0,0.0283896231,1911.0,4079,6122,14,0,127,35,2,33,20.0,10.0,,,21
2020/08/23,147,2048,59,58.0,0.02880859375,1919.0,4081,6129,5,1,7,33,2,31,18.0,10.0,,,22
2020/08/24,148,2063,60,49.0,0.029083858460000004,1942.0,4157,6220,15,1,91,36,3,33,13.0,10.0,,,22
2020/08/25,149,2080,60,43.0,0.028846153849999997,1964.0,4289,6369,17,0,149,37,3,34,15.0,10.0,,,22
2020/08/26,150,2097,62,39.0,0.02956604673,1983.0,4368,6465,17,2,96,20,3,17,18.0,6.0,,,22
2020/08/27,151,2110,63,40.0,0.029857819910000003,1994.0,4437,6547,13,1,82,22,3,19,19.0,6.0,,,22
2020/08/28,152,2140,63,45.0,0.029439252339999996,2019.0,4490,6630,30,0,83,26,3,23,20.0,5.0,,,22
2020/08/29,153,2144,63,43.0,0.02938432836,2025.0,4530,6674,4,0,44,35,3,32,24.0,8.0,,,22
2020/08/30,154,2151,64,42.0,0.02975360298,2032.0,4536,6687,7,1,13,28,4,24,20.0,11.0,,,23
2020/08/31,155,2172,66,38.0,0.030386740330000002,2055.0,4616,6788,21,2,101,31,6,25,22.0,10.0,,,23
2020/09/01,156,2189,66,40.0,0.03015075377,2070.0,4691,6880,17,0,92,27,5,22,25.0,9.0,,,23
2020/09/02,157,2209,67,49.0,0.03033046627,2076.0,4785,6994,20,1,114,32,5,27,26.0,7.0,,,23
2020/09/03,158,2229,68,43.0,0.030506953789999996,2105.0,4884,7113,20,1,119,32,7,25,23.0,4.0,,,23
2020/09/04,159,2250,68,47.0,0.03022222222,2122.0,4945,7195,21,0,82,29,3,26,16.0,9.0,,,23
2020/09/05,160,2253,68,44.0,0.03018197958,2128.0,4975,7228,3,0,33,26,2,24,18.0,9.0,,,23
2020/09/06,161,2255,69,36.0,0.030598669619999998,2137.0,5008,7263,2,1,35,15,1,14,13.0,5.0,,,24
2020/09/07,162,2255,69,29.0,0.030598669619999998,2144.0,5009,7264,0,0,1,17,1,16,14.0,5.0,,,24
2020/09/08,163,2271,69,37.0,0.030383091150000003,2152.0,5056,7327,16,0,63,19,2,17,17.0,9.0,,,24
2020/09/09,164,2283,70,33.0,0.03066141042,2167.0,5106,7389,12,1,62,30,1,29,20.0,9.0,,,24
2020/09/10,165,2314,70,50.0,0.030250648230000003,2181.0,5151,7465,31,0,76,39,2,37,27.0,13.0,,,24
2020/09/11,166,2337,70,53.0,0.02995293111,2201.0,5223,7560,23,0,95,46,3,43,26.0,14.0,,,24
2020/09/12,167,2347,70,53.0,0.0298253089,2211.0,5271,7618,10,0,58,47,2,45,26.0,14.0,,,24
2020/09/13,168,2347,70,51.0,0.0298253089,2213.0,5283,7630,0,0,12,46,2,44,27.0,15.0,,,25
2020/09/14,169,2366,70,48.0,0.02958579882,2235.0,5362,7728,19,0,98,34,2,32,22.0,15.0,,,25
2020/09/15,170,2394,70,54.0,0.02923976608,2257.0,5502,7896,28,0,168,41,2,39,28.0,12.0,,,25
2020/09/16,171,2427,70,65.0,0.028842192010000003,2279.0,5612,8039,33,0,143,37,2,35,30.0,13.0,,,25
2020/09/17,172,2449,70,75.0,0.02858309514,2291.0,5692,8141,22,0,102,38,2,36,29.0,15.0,,,25
2020/09/18,173,2473,71,83.0,0.028710068739999997,2306.0,5735,8208,24,1,67,23,0,23,25.0,18.0,,,25
2020/09/19,174,2493,72,79.0,0.028880866430000002,2329.0,5768,8261,20,1,53,28,0,31,27.0,15.0,,,25
2020/09/20,175,2493,72,73.0,0.028880866430000002,2335.0,5768,8261,0,0,0,33,1,32,27.0,16.0,,,26
2020/09/21,176,2523,72,79.0,0.028537455410000002,2359.0,5809,8332,30,0,71,16,0,16,20.0,13.0,,,26
2020/09/22,177,2545,72,77.0,0.028290766210000002,2383.0,5920,8465,22,0,133,15,0,15,21.0,12.0,,,26
2020/09/23,178,2556,72,74.0,0.028169014080000002,2397.0,6065,8621,11,0,156,23,0,23,20.0,13.0,,,26
2020/09/24,179,2589,72,86.0,0.027809965239999998,2418.0,6214,8803,33,0,182,30,1,29,17.0,17.0,,,26
2020/09/25,180,2617,74,92.0,0.028276652660000002,2438.0,6288,8905,28,2,102,31,1,30,20.0,13.0,,,26
2020/09/26,181,2642,76,91.0,0.0287660863,2462.0,6352,8994,25,2,89,35,1,34,25.0,12.0,,,26
2020/09/27,182,2644,76,88.0,0.028744326780000003,2467.0,6364,9008,2,0,14,29,1,28,23.0,14.0,,,27
2020/09/28,183,2675,77,86.0,0.02878504673,2499.0,6397,9072,31,1,64,23,0,23,23.0,13.0,,,27
2020/09/29,184,2691,77,92.0,0.02861389818,2509.0,6495,9186,16,0,114,24,1,23,24.0,11.0,,,27
2020/09/30,185,2711,77,96.0,0.02840280339,2524.0,6631,9342,20,0,156,21,1,20,22.0,10.0,,,27
2020/10/01,186,2739,78,112.0,0.028477546549999996,2537.0,6715,9454,28,1,112,20,1,19,23.0,12.0,,,27
2020/10/02,187,2750,79,89.0,0.02872727273,2569.0,6793,9543,11,1,89,22,1,21,18.0,18.0,,,27
2020/10/03,188,2753,80,71.0,0.029059208139999997,2589.0,6827,9580,3,1,37,28,2,26,24.0,13.0,,,27
2020/10/04,189,2753,81,66.0,0.029422448239999996,2593.0,6828,9581,0,1,1,34,2,32,20.0,13.0,,,28
2020/10/05,190,2767,81,46.0,0.0292735815,2627.0,6927,9694,14,0,113,37,4,33,16.0,14.0,,,28
2020/10/06,191,2798,81,62.0,0.028949249460000003,2642.0,7018,9816,31,0,122,37,3,34,19.0,12.0,,,28
2020/10/07,192,2845,81,86.0,0.028471001760000003,2665.0,7087,9932,47,0,116,34,3,31,15.0,11.0,,,28
2020/10/08,193,2857,82,83.0,0.028701435069999996,2679.0,7183,10040,12,1,108,37,3,34,18.0,10.0,,,28
2020/10/09,194,2876,82,71.0,0.028511821969999997,2710.0,7257,10133,19,0,93,36,6,30,21.0,14.0,,,28
2020/10/10,195,2892,82,72.0,0.028354080219999998,2725.0,7321,10213,16,0,80,34,5,29,22.0,11.0,,,28
2020/10/11,196,2893,82,64.0,0.028344279289999996,2734.0,7324,10217,1,0,4,35,4,31,21.0,13.0,,,29
2020/10/12,197,2893,82,51.0,0.028344279289999996,2747.0,7325,10218,0,0,1,36,5,31,21.0,14.0,,,29
2020/10/13,198,2922,82,52.0,0.02806297057,2775.0,7389,10311,29,0,93,30,4,26,15.0,12.0,,,29
2020/10/14,199,2948,82,63.0,0.02781546811,2790.0,7519,10467,26,0,156,39,1,38,22.0,14.0,,,29
2020/10/15,200,2960,82,50.0,0.0277027027,2815.0,7539,10499,12,0,32,47,1,46,18.0,14.0,,,29
2020/10/16,201,2972,84,48.0,0.028263795419999998,2872.0,7569,10541,12,2,42,54,2,52,20.0,12.0,,,29
2020/10/17,202,3001,86,70.0,0.0286571143,2831.0,7814,10815,29,2,274,51,1,50,16.0,10.0,,,29
2020/10/18,203,3001,86,64.0,0.0286571143,2838.0,7814,10815,0,0,0,55,1,54,19.0,11.0,,,30
2020/10/19,204,3023,86,80.0,0.02844856103,2841.0,8015,11038,22,0,223,76,2,74,20.0,11.0,,,30
2020/10/20,205,3032,86,80.0,0.02836411609,2853.0,8357,11389,9,0,351,56,1,55,15.0,11.0,,,30
2020/10/21,206,3055,86,81.0,0.02815057283,2875.0,8480,11535,23,0,146,110,1,109,17.0,8.0,,,30
2020/10/22,207,3075,86,77.0,0.027967479669999996,2899.0,8567,11642,20,0,107,130,1,129,18.0,10.0,,,30
2020/10/23,208,3075,86,77.0,0.027967479669999996,2899.0,8567,11642,0,0,0,130,1,129,18.0,10.0,,,30
2020/10/24,209,3134,87,99.0,0.02776005105,2935.0,8691,11825,59,1,183,83,0,83,11.0,12.0,,,30
2020/10/25,210,3134,87,99.0,0.02776005105,2935.0,8691,11825,0,0,0,83,0,83,11.0,12.0,,,31
2020/10/26,211,3177,88,104.0,0.027699087189999996,2970.0,8849,12026,43,1,201,48,0,48,14.0,10.0,,,31
2020/10/27,212,3197,89,87.0,0.02783859869,3006.0,8967,12164,20,1,138,99,0,99,14.0,9.0,,,31
2020/10/28,213,3204,89,82.0,0.02777777778,3017.0,8977,12181,7,0,17,101,1,100,12.0,6.0,,,31
2020/10/29,214,3226,89,85.0,0.027588344700000003,3036.0,9097,12323,22,0,142,86,1,85,17.0,6.0,,,31
2020/10/30,215,3245,89,76.0,0.02742681048,3064.0,9160,12405,19,0,82,55,1,54,14.0,7.0,,,31
2020/10/31,216,3276,89,51.0,0.027167277169999997,3120.0,9256,12532,31,0,127,130,1,129,15.0,8.0,,,31
2020/11/01,217,3300,89,53.0,0.02696969697,3142.0,9266,12566,24,0,34,131,1,130,18.0,8.0,,,32
2020/11/02,218,3324,89,47.0,0.026774969920000002,3172.0,9266,12590,24,0,24,133,1,132,18.0,9.0,,,32
2020/11/03,219,3343,89,47.0,0.0266227939,3191.0,9361,12704,19,0,114,126,1,125,16.0,18.0,,,32
2020/11/04,220,3362,90,48.0,0.02676977989,3208.0,9441,12803,19,1,99,140,1,139,15.0,8.0,,,32
2020/11/05,221,3379,90,44.0,0.02663509914,3229.0,9540,12919,17,0,116,162,2,160,14.0,17.0,,,32
2020/11/06,222,3386,90,41.0,0.026580035440000004,3239.0,9649,13035,7,0,116,181,1,180,11.0,9.0,,,32
2020/11/07,223,3398,91,38.0,0.02678045909,3253.0,9772,13170,12,1,135,184,1,183,7.0,8.0,,,32
2020/11/08,224,3398,92,27.0,0.02707474985,3263.0,9802,13200,0,1,30,184,1,183,7.0,14.0,,,33
2020/11/09,225,3411,92,28.0,0.026971562589999998,3275.0,9917,13328,13,0,128,230,0,284,14.0,6.0,,,33
2020/11/10,226,3435,93,31.0,0.027074235810000003,3295.0,10019,13454,24,1,126,271,0,271,20.0,6.0,,,33
2020/11/11,227,3462,93,35.0,0.026863084920000002,3318.0,10111,13573,27,0,119,286,0,286,19.0,6.0,,,33
2020/11/12,228,3483,93,41.0,0.02670111972,3333.0,10167,13650,21,0,77,341,0,341,20.0,8.0,,,33
2020/11/13,229,3506,93,35.0,0.026525955499999997,3362.0,10238,13744,23,0,94,350,0,350,19.0,7.0,,,33
2020/11/14,230,3506,93,35.0,0.026525955499999997,3362.0,10238,13744,0,0,0,350,0,350,19.0,7.0,,,33
2020/11/15,231,3531,93,28.0,0.026338147830000002,3394.0,10322,13853,25,0,109,281,2,279,18.0,6.0,,,34
2020/11/16,232,3569,93,42.0,0.026057719249999996,3418.0,10467,14036,38,0,183,216,3,213,14.0,6.0,,,34
2020/11/17,233,3588,93,46.0,0.02591973244,3433.0,10703,14291,19,0,255,157,3,154,11.0,7.0,,,34
2020/11/18,234,3612,93,48.0,0.025747508309999997,3454.0,10758,14370,24,0,79,199,3,196,11.0,6.0,,,34
2020/11/19,235,3630,93,55.0,0.025619834709999997,3465.0,10837,14467,18,0,97,226,4,222,8.0,8.0,,,34
2020/11/20,236,3649,96,42.0,0.026308577689999998,3495.0,10960,14609,19,3,142,188,2,186,8.0,5.0,,,34
2020/11/21,237,3653,96,37.0,0.026279770049999998,3503.0,11023,14676,4,0,67,164,1,163,12.0,4.0,,,34
2020/11/22,238,3654,97,31.0,0.02654625068,3509.0,11056,14710,1,1,34,170,2,168,18.0,4.0,,,35
2020/11/23,239,3686,99,38.0,0.026858383070000002,3532.0,11184,14870,32,2,160,111,3,108,17.0,5.0,,,35
2020/11/24,240,3692,99,37.0,0.026814734559999998,3539.0,11365,15057,6,0,187,222,3,219,14.0,6.0,,,35
2020/11/25,241,3712,99,34.0,0.026670258619999998,3562.0,11438,15150,20,0,93,292,4,288,15.0,5.0,,,35
2020/11/26,242,3734,99,38.0,0.02651312266,3580.0,11526,15260,22,0,110,307,6,301,14.0,5.0,,,35
2020/11/27,243,3776,100,52.0,0.02648305085,3607.0,11829,15605,42,1,345,207,5,202,15.0,4.0,,,35
2020/11/28,244,3810,100,42.0,0.026246719159999998,3651.0,11850,15660,34,0,55,213,6,207,12.0,5.0,,,35
2020/11/29,245,3819,100,42.0,0.02618486515,3660.0,11854,15673,9,0,13,215,7,208,13.0,7.0,,,36
2020/11/30,246,3849,100,37.0,0.02598077423,3695.0,11940,15789,30,0,116,229,8,221,13.0,7.0,,,36
2020/12/01,247,3880,100,60.0,0.02577319588,3703.0,12145,16025,31,0,236,189,6,183,14.0,4.0,,,36
2020/12/02,248,3897,100,57.0,0.02566076469,3723.0,12382,16279,17,0,254,271,5,266,22.0,4.0,,,36
2020/12/03,249,3924,100,56.0,0.0254841998,3751.0,12428,16352,27,0,73,329,5,324,24.0,3.0,,,36
2020/12/04,250,3968,100,81.0,0.0252016129,3770.0,12548,16516,44,0,164,313,1,312,25.0,5.0,,,36
2020/12/05,251,4007,100,58.0,0.024956326430000002,3832.0,12608,16615,39,0,99,248,2,246,19.0,5.0,,,36
2020/12/06,252,4029,100,48.0,0.0248200546,3864.0,12680,16709,22,0,94,226,4,222,15.0,4.0,,,37
2020/12/07,253,4049,100,35.0,0.02469745616,3897.0,12680,16729,20,0,20,234,5,229,15.0,6.0,,,37
2020/12/08,254,4076,100,41.0,0.024533856719999997,3918.0,12704,16780,27,0,51,183,6,177,14.0,6.0,,,37
2020/12/09,255,4097,100,46.0,0.02440810349,3934.0,12801,16898,21,0,118,276,6,270,18.0,7.0,,,37
2020/12/10,256,4141,100,59.0,0.02414875634,3965.0,12925,17066,44,0,168,221,7,214,20.0,10.0,,,37
2020/12/11,257,4180,101,66.0,0.02416267943,3996.0,12963,17143,39,1,77,314,2,312,18.0,10.0,,,37
2020/12/12,258,4180,101,66.0,0.02416267943,3996.0,12963,17143,0,0,0,314,2,312,18.0,10.0,,,37
2020/12/13,259,4185,101,33.0,0.02413381123,4034.0,12974,17159,5,0,16,316,3,313,19.0,10.0,,,38
2020/12/14,260,4185,101,33.0,0.02413381123,4034.0,12974,17159,0,0,0,316,3,313,19.0,10.0,,,38
2020/12/15,261,4228,102,36.0,0.02412488174,4073.0,13076,17304,43,1,145,446,1,445,21.0,7.0,,,38
2020/12/16,262,4262,102,38.0,0.02393242609,4105.0,13173,17435,34,0,131,435,2,434,16.0,7.0,,,38
2020/12/17,263,4329,102,46.0,0.023562023560000003,4164.0,13210,17539,67,0,104,441,2,439,14.0,8.0,,,38
2020/12/18,264,4391,102,46.0,0.02322933273,4226.0,13249,17640,62,0,101,481,3,478,15.0,10.0,,,38
2020/12/19,265,4391,102,46.0,0.02322933273,4226.0,13249,17640,0,0,0,481,3,478,15.0,10.0,,,38
2020/12/20,266,4418,102,31.0,0.023087369849999997,4265.0,13375,17793,27,0,153,402,2,400,17.0,10.0,,,39
2020/12/21,267,4468,104,65.0,0.02327663384,4283.0,13493,17961,50,2,168,411,1,410,21.0,10.0,,,39
2020/12/22,268,4501,104,61.0,0.02310597645,4318.0,13572,18073,33,0,112,425,1,424,17.0,9.0,,,39
2020/12/23,269,4501,104,61.0,0.02310597645,4318.0,13572,18073,0,0,0,425,1,424,17.0,8.0,,,39
2020/12/24,270,4612,105,75.0,0.022766695580000003,4414.0,13751,18363,111,1,290,401,1,400,14.0,10.0,,,39
2020/12/25,271,4612,105,75.0,0.022766695580000003,4414.0,13751,18363,0,0,0,401,1,400,14.0,10.0,,,39
2020/12/26,272,4621,107,54.0,0.02315516122,4442.0,13752,18373,9,2,10,398,1,397,12.0,9.0,,,39
2020/12/27,273,4622,107,55.0,0.02315015145,4444.0,13752,18374,1,0,1,398,1,397,11.0,10.0,,,40
2020/12/28,274,4700,107,68.0,0.022765957450000002,4507.0,13914,18614,78,0,240,350,3,347,11.0,10.0,,,40
2020/12/29,275,4746,107,72.0,0.02254530131,4549.0,14004,18750,46,0,136,399,2,397,14.0,10.0,,,40
2020/12/30,276,4789,109,74.0,0.022760492799999997,4588.0,14065,18854,43,2,104,423,3,420,17.0,11.0,,,40
2020/12/31,277,4812,109,65.0,0.022651704069999997,4620.0,14079,18891,23,0,37,426,3,423,19.0,13.0,,,40
2021/01/01,278,4812,109,65.0,0.022651704069999997,4620.0,14079,18891,0,0,0,426,3,423,19.0,13.0,,,40
2021/01/02,279,4812,109,65.0,0.022651704069999997,4620.0,14079,18891,0,0,0,426,3,423,19.0,13.0,,,40
2021/01/03,280,4812,109,65.0,0.022651704069999997,4620.0,14079,18891,0,0,0,426,3,423,19.0,13.0,,,41
2021/01/04,281,4859,111,55.0,0.022844206630000002,4675.0,14113,18972,47,2,81,597,4,593,17.0,13.0,,,41
2021/01/05,282,4925,111,73.0,0.02253807107,4723.0,14323,19248,66,0,276,513,4,509,21.0,16.0,,,41
2021/01/06,283,5040,114,74.0,0.022619047620000002,4833.0,14540,19580,115,3,332,521,5,516,16.0,13.0,,,41
2021/01/07,284,5125,116,109.0,0.02263414634,4882.0,14590,19715,85,2,135,534,4,530,20.0,11.0,,,41
2021/01/08,285,5210,120,161.0,0.023032629559999997,4911.0,14698,19908,85,4,193,490,1,489,25.0,10.0,,,41
2021/01/09,286,5252,120,133.0,0.02284843869,4981.0,14760,20012,42,0,104,468,2,466,28.0,10.0,,,41
2021/01/10,287,5265,120,108.0,0.02279202279,5019.0,14760,20025,13,0,13,469,3,466,27.0,12.0,,,42
2021/01/11,288,5316,120,119.0,0.022573363430000003,5059.0,14816,20132,51,0,107,563,4,559,24.0,11.0,,,42
2021/01/12,289,5455,122,154.0,0.02236480293,5161.0,14955,20410,139,2,278,493,3,490,19.0,11.0,,,42
2021/01/13,290,5518,123,135.0,0.02229068503,5242.0,15033,20551,63,1,141,599,3,596,22.0,10.0,,,42
2021/01/14,291,5557,124,143.0,0.022314198309999998,5272.0,15140,20697,39,1,146,631,3,628,27.0,13.0,,,42
2021/01/15,292,5626,124,175.0,0.022040526129999998,5309.0,15238,20864,69,0,167,651,0,651,29.0,14.0,,,42
2021/01/16,293,5677,124,83.0,0.02184252246,5452.0,15337,21014,51,0,150,540,1,539,36.0,14.0,,,42
2021/01/17,294,5717,125,74.0,0.02186461431,5500.0,15338,21055,40,1,41,503,1,502,48.0,13.0,,,43
2021/01/18,295,5837,125,109.0,0.021415110499999997,5584.0,15427,21264,120,0,209,434,1,433,37.0,14.0,,,43
2021/01/19,296,5934,126,125.0,0.02123356926,5664.0,15515,21449,97,1,185,523,0,523,38.0,14.0,,,43
2021/01/20,297,6044,126,130.0,0.020847121110000002,5769.0,15590,21634,110,0,185,515,0,515,37.0,13.0,,,43
2021/01/21,298,6087,126,117.0,0.020699852140000002,5825.0,15652,21739,43,0,105,504,0,504,40.0,14.0,,,43
2021/01/22,299,6154,126,134.0,0.02047448814,5875.0,15718,21872,67,0,133,528,0,528,41.0,16.0,,,43
2021/01/23,300,6203,126,128.0,0.02031275189,5927.0,15799,22002,49,0,130,424,0,424,34.0,16.0,,,43
2021/01/24,301,6210,129,118.0,0.02077294686,5944.0,15799,22009,7,3,7,422,0,422,38.0,16.0,,,44
2021/01/25,302,6284,130,118.0,0.02068746022,6017.0,15853,22137,74,1,128,462,1,461,36.0,15.0,,,44
2021/01/26,303,6408,130,131.0,0.020287141069999997,6128.0,15962,22370,124,0,233,422,0,422,39.0,15.0,,,44
2021/01/27,304,6511,132,177.0,0.020273383500000002,6183.0,16002,22513,103,2,143,476,1,475,38.0,17.0,,,44
2021/01/28,305,6576,132,194.0,0.0200729927,6231.0,16095,22671,65,0,158,448,0,448,35.0,16.0,,,44
2021/01/29,306,6659,135,133.0,0.02027331431,6372.0,16340,22999,83,3,328,440,0,440,33.0,14.0,,,44
2021/01/30,307,6766,136,153.0,0.02010050251,6458.0,16419,23185,107,1,186,313,0,0,28.0,13.0,,,44
2021/01/31,308,6805,138,117.0,0.020279206469999998,6531.0,16419,23224,39,2,39,274,0,274,21.0,11.0,,,45
2021/02/01,309,6905,138,140.0,0.01998551774,6608.0,16503,23408,100,0,184,322,0,322,35.0,12.0,,,45
2021/02/02,310,7003,139,142.0,0.0198486363,6703.0,16727,23730,98,1,322,333,0,333,41.0,14.0,,,45
2021/02/03,311,7041,140,140.0,0.01988353927,6742.0,16928,23969,38,1,239,354,0,354,50.0,15.0,,,45
2021/02/04,312,7110,142,153.0,0.0199718706,6796.0,17009,24119,69,2,150,358,1,357,46.0,15.0,,,45
2021/02/05,313,7223,142,177.0,0.01965942129,6884.0,17038,24261,113,0,142,349,0,349,43.0,15.0,,,45
2021/02/06,314,7270,142,168.0,0.01953232462,6940.0,17075,24345,47,0,84,289,0,289,30.0,16.0,,,45
2021/02/07,315,7284,142,132.0,0.019494783090000002,6990.0,17075,24359,14,0,14,289,0,289,34.0,16.0,,,46
2021/02/08,316,7325,146,143.0,0.01993174061,7016.0,17184,24509,41,4,150,359,0,359,37.0,17.0,,,46
2021/02/09,317,7369,146,172.0,0.019812728999999998,7030.0,17272,24641,44,0,132,379,1,378,41.0,16.0,,,46
2021/02/10,318,7421,148,117.0,0.01994340385,7135.0,17357,24778,52,2,137,413,1,412,37.0,17.0,,,46
2021/02/11,319,7452,149,109.0,0.01999463231,7173.0,17504,24956,31,1,178,445,1,444,38.0,17.0,,,46
2021/02/12,320,7527,151,86.0,0.02006111333,7269.0,17665,25192,75,2,236,481,2,479,35.0,17.0,,,46
2021/02/13,321,7603,153,118.0,0.02012363541,7311.0,17738,25341,76,2,149,383,3,380,31.0,20.0,,,46
2021/02/14,322,7604,154,87.0,0.02025249868,7342.0,17738,25342,1,1,1,383,3,380,25.0,20.0,,,47
2021/02/15,323,7656,155,98.0,0.02024555904,7382.0,17807,25463,52,1,121,468,2,466,13.0,24.0,,,47
2021/02/16,324,7700,160,173.0,0.020779220780000003,7345.0,17931,25631,44,5,168,437,0,437,11.0,20.0,,,47
2021/02/17,325,7804,162,114.0,0.02075858534,7506.0,18127,25931,104,2,300,376,0,376,13.0,20.0,,,47
2021/02/18,326,7898,163,178.0,0.02063813624,7535.0,18257,26155,94,1,224,310,0,310,23.0,25.0,,,47
2021/02/19,327,7931,164,157.0,0.020678350780000004,7588.0,18288,26219,33,1,64,355,0,355,24.0,25.0,,,47
2021/02/20,328,7957,166,158.0,0.02086213397,7611.0,18343,26300,26,2,81,307,0,307,22.0,26.0,,,47
2021/02/21,329,7963,167,139.0,0.02097199548,7635.0,18343,26306,6,1,6,309,0,309,26.0,18.0,,,48
2021/02/22,330,8023,169,163.0,0.02106443974,7669.0,18425,26448,60,2,142,279,2,277,27.0,25.0,,,48
2021/02/23,331,8110,169,335.0,0.02083847102,7775.0,18556,26666,87,0,218,332,3,329,29.0,24.0,30.0,64.0,48
2021/02/24,332,8222,172,135.0,0.02091948431,7892.0,18556,26778,112,3,112,419,3,416,35.0,25.0,36.0,67.0,48
2021/02/25,333,8222,172,135.0,0.02091948431,7892.0,18556,26778,0,0,0,419,3,416,35.0,25.0,35.0,67.0,48
2021/02/26,334,8222,172,135.0,0.02091948431,7892.0,18556,26778,0,0,0,419,3,416,35.0,25.0,35.0,67.0,48
2021/02/27,335,8222,172,135.0,0.02091948431,7892.0,18556,26778,0,0,0,419,3,416,35.0,25.0,21.0,60.0,48
2021/02/28,336,8222,172,135.0,0.02091948431,7892.0,18556,26778,0,0,0,419,3,416,35.0,25.0,21.0,62.0,49
2021/03/01,337,8447,177,83.0,0.020954184919999997,8163.0,18556,27003,225,5,225,502,1,501,32.0,31.0,21.0,63.0,49
2021/03/02,338,8502,179,97.0,0.021053869680000004,8202.0,18556,27058,55,2,55,456,1,455,39.0,27.0,24.0,63.0,49
2021/03/03,339,8607,179,110.0,0.02079702568,8294.0,18556,27163,105,0,105,459,0,459,45.0,30.0,24.0,64.0,49
2021/03/04,340,8793,182,102.0,0.02069828272,8485.0,18556,27349,186,3,186,448,1,447,41.0,31.0,22.0,64.0,49
2021/03/05,341,8924,183,122.0,0.02050649933,8595.0,18556,27480,131,1,131,471,1,470,41.0,33.0,19.0,61.0,49
2021/03/06,342,8997,184,129.0,0.02045126153,8660.0,18556,27553,73,1,73,412,1,411,41.0,34.0,22.0,64.0,49
2021/03/07,343,9026,186,104.0,0.02060713494,8711.0,18556,27582,29,2,29,411,1,410,40.0,28.0,21.0,62.0,50
2021/03/08,344,9106,188,112.0,0.020645728090000003,8780.0,18556,27662,80,2,80,519,0,519,40.0,27.0,22.0,61.0,50
2021/03/09,345,9221,189,122.0,0.02049669233,8884.0,18556,27777,115,1,115,454,0,454,48.0,27.0,22.0,61.0,50
2021/03/10,346,9353,190,160.0,0.02031433765,8977.0,18556,27909,132,1,132,491,0,491,46.0,30.0,18.0,61.0,50
2021/03/11,347,9455,192,214.0,0.02030671602,9023.0,18556,28011,102,2,102,511,1,510,47.0,33.0,19.0,61.0,50
2021/03/12,348,9559,200,207.0,0.02092269066,9126.0,18556,28115,104,8,104,468,1,467,40.0,35.0,20.0,61.0,50
2021/03/13,349,9606,201,208.0,0.02092442224,9171.0,18556,28162,47,1,47,356,1,355,38.0,38.0,20.0,61.0,50
2021/03/14,350,9610,205,236.0,0.021331945890000002,9143.0,18556,28166,4,4,4,357,2,355,39.0,33.0,19.0,61.0,51
2021/03/15,351,9703,207,157.0,0.02133360816,9313.0,18556,28259,93,2,93,393,2,391,43.0,38.0,19.0,61.0,51
2021/03/16,352,9749,209,138.0,0.021438096209999997,9376.0,18556,28305,46,2,46,414,2,412,51.0,40.0,19.0,63.0,51
2021/03/17,353,9801,214,117.0,0.02183450668,9444.0,18556,28357,52,5,52,509,3,506,56.0,38.0,19.0,61.0,51
2021/03/18,354,9888,215,134.0,0.021743527510000003,9513.0,18556,28444,87,1,87,462,3,459,65.0,39.0,18.0,61.0,51
2021/03/19,355,9967,216,146.0,0.021671516000000002,9579.0,20352,30319,79,1,1875,542,3,539,62.0,42.0,21.0,63.0,51
2021/03/20,356,10039,216,142.0,0.021516087259999997,9655.0,20352,30391,72,0,72,427,3,424,66.0,40.0,18.0,62.0,51
2021/03/21,357,10047,221,145.0,0.02199661591,9663.0,20352,30399,8,5,8,430,3,427,60.0,40.0,18.0,62.0,52
2021/03/22,358,10122,225,118.0,0.022228808540000002,9753.0,20352,30474,75,4,75,363,1,362,65.0,39.0,19.0,61.0,52
2021/03/23,359,10178,229,140.0,0.022499508739999997,9782.0,20352,30530,56,4,56,575,2,573,64.0,39.0,20.0,61.0,52
2021/03/24,360,10303,232,166.0,0.022517713289999998,9877.0,20352,30655,125,3,125,518,2,516,59.0,38.0,20.0,61.0,52
2021/03/25,361,10436,241,164.0,0.023093139130000002,10003.0,20352,30788,133,9,133,546,1,545,62.0,38.0,17.0,61.0,52
2021/03/26,362,10513,244,155.0,0.023209359840000002,10086.0,20352,30865,77,3,77,634,2,632,60.0,36.0,19.0,61.0,52
2021/03/27,363,10565,248,139.0,0.02347373403,10150.0,20352,30917,52,4,52,577,2,575,59.0,39.0,19.0,61.0,52
2021/03/28,364,10575,250,144.0,0.023640661940000002,10159.0,20352,30927,10,2,10,574,1,573,61.0,39.0,19.0,61.0,53
2021/03/29,365,10648,253,131.0,0.023760330580000003,10236.0,20352,31000,73,3,73,534,1,533,58.0,45.0,19.0,65.0,53
2021/03/30,366,10703,260,167.0,0.02429225451,10303.0,20352,31055,55,7,55,664,1,663,58.0,40.0,19.0,62.0,53
2021/03/31,367,10808,261,141.0,0.024148778680000003,10378.0,20352,31160,105,1,105,620,0,620,53.0,44.0,18.0,62.0,53
2021/04/01,368,10845,265,167.0,0.02443522361,10383.0,20352,31197,37,4,37,618,0,618,59.0,43.0,19.0,62.0,53
2021/04/02,369,10873,268,168.0,0.02464821117,10407.0,20352,31225,28,3,28,619,0,619,42.0,44.0,17.0,63.0,53
2021/04/03,370,10927,269,113.0,0.02461791892,10514.0,20352,31279,54,1,54,535,0,535,47.0,45.0,19.0,64.0,53
2021/04/04,371,10927,269,113.0,0.02461791892,10514.0,20352,31279,0,0,0,535,0,535,47.0,45.0,19.0,64.0,54
2021/04/05,372,10959,276,87.0,0.02518477963,10565.0,20352,31311,32,7,32,538,1,537,52.0,44.0,17.0,61.0,54
2021/04/06,373,11045,278,98.0,0.025169760069999998,10638.0,20352,31397,86,2,86,578,1,577,55.0,44.0,19.0,64.0,54
2021/04/07,374,11206,281,112.0,0.02507585222,10782.0,20352,31558,14,3,161,563,1,0,50.0,47.0,17.0,65.0,54
2021/04/08,375,11253,286,116.0,0.02541544477,10820.0,20352,31605,47,5,47,621,0,621,46.0,41.0,19.0,63.0,54
2021/04/09,376,11350,291,142.0,0.025638766519999998,10886.0,20352,31702,97,5,97,541,0,541,43.0,44.0,19.0,63.0,54
2021/04/10,377,11411,292,130.0,0.025589343619999996,10958.0,20352,31763,61,1,61,441,0,441,37.0,43.0,18.0,63.0,54
2021/04/11,378,11420,295,121.0,0.025831873909999997,10973.0,20352,31772,9,3,9,432,0,432,37.0,41.0,18.0,63.0,55
2021/04/12,379,11461,297,112.0,0.025913969109999997,11020.0,22872,34333,41,2,2561,309,0,309,42.0,47.0,17.0,65.0,55
2021/04/13,380,11542,299,115.0,0.02590538901,11096.0,22872,34414,81,2,81,333,1,332,32.0,50.0,18.0,68.0,55
2021/04/14,381,11620,303,157.0,0.026075731499999998,11127.0,22872,34492,78,4,78,297,1,296,29.0,49.0,20.0,70.0,55
2021/04/15,382,11638,305,147.0,0.026207252110000002,11153.0,22872,34510,18,2,18,311,2,309,33.0,46.0,17.0,64.0,55
2021/04/16,383,11710,306,148.0,0.02613151153,11221.0,22872,34582,72,1,72,242,1,241,37.0,45.0,19.0,64.0,55
2021/04/17,384,11746,309,144.0,0.02630682786,11258.0,22872,34618,36,3,36,241,0,241,38.0,44.0,20.0,65.0,55
2021/04/18,385,11750,310,145.0,0.02638297872,11260.0,22872,34622,4,1,4,241,0,241,39.0,44.0,18.0,64.0,56
2021/04/19,386,11815,313,156.0,0.026491747779999998,11311.0,22872,34687,65,3,65,160,0,160,42.0,46.0,17.0,63.0,56
2021/04/20,387,11890,313,155.0,0.02632464256,11387.0,22872,34762,75,0,75,256,0,256,42.0,47.0,17.0,64.0,56
2021/04/21,388,11914,314,149.0,0.02635554809,11416.0,22872,34786,24,1,24,171,0,171,44.0,44.0,19.0,64.0,56
2021/04/22,389,11957,315,174.0,0.02634440077,11431.0,22872,34829,43,1,43,155,0,155,48.0,42.0,20.0,63.0,56
2021/04/23,390,12020,315,160.0,0.026206322799999997,11508.0,22872,34892,63,0,63,182,0,182,45.0,46.0,19.0,65.0,56
2021/04/24,391,12045,319,126.0,0.02648401826,11563.0,22872,34917,25,4,25,173,0,173,47.0,46.0,18.0,65.0,56
2021/04/25,392,12048,321,125.0,0.02664342629,11565.0,22872,34920,3,2,3,173,0,173,47.0,44.0,19.0,65.0,57
2021/04/26,393,12130,324,141.0,0.026710634790000003,11628.0,22872,35002,82,3,82,135,0,135,47.0,43.0,20.0,63.0,57
2021/04/27,394,12224,324,183.0,0.0265052356,11680.0,22872,35096,94,0,94,181,0,181,49.0,46.0,20.0,66.0,57
2021/04/28,395,12285,327,189.0,0.02661782662,11732.0,22872,35157,61,3,61,202,0,202,48.0,45.0,19.0,62.0,57
2021/04/29,396,12311,328,170.0,0.02664283974,11775.0,22872,35183,26,1,26,240,0,240,39.0,44.0,20.0,65.0,57
2021/04/30,397,12330,330,156.0,0.026763990269999996,11806.0,22872,35202,19,2,19,297,0,297,41.0,46.0,20.0,66.0,57
2021/05/01,398,12330,330,156.0,0.026763990269999996,11806.0,22872,35202,0,0,0,297,0,297,41.0,46.0,20.0,61.0,57
2021/05/02,399,12330,330,156.0,0.026763990269999996,11806.0,22872,35202,0,0,0,297,0,297,41.0,46.0,20.0,61.0,58
2021/05/03,400,12357,344,96.0,0.02783847212,11878.0,22872,35229,27,14,27,307,0,307,37.0,36.0,18.0,63.0,58
2021/05/04,401,12434,345,122.0,0.02774650153,11928.0,22872,35306,77,1,77,342,0,342,34.0,44.0,18.0,63.0,58
2021/05/05,402,12482,350,135.0,0.02804037814,11958.0,22872,35354,48,5,48,335,0,335,33.0,40.0,17.0,61.0,58
2021/05/06,403,12513,353,143.0,0.02821066091,11978.0,22872,35385,31,3,31,230,0,230,36.0,44.0,19.0,63.0,58
2021/05/07,404,12594,355,136.0,0.028188026039999998,12064.0,22872,35466,81,2,81,229,1,228,40.0,42.0,20.0,63.0,58
2021/05/08,405,12632,355,137.0,0.028103229889999994,12101.0,22872,35504,38,0,38,209,1,208,37.0,42.0,18.0,62.0,58
2021/05/09,406,12649,355,149.0,0.02806545972,12102.0,22872,35521,17,0,17,211,1,210,39.0,42.0,17.0,63.0,59
2021/05/10,407,12719,356,133.0,0.027989621830000002,12191.0,22872,35591,70,1,70,95,1,94,40.0,42.0,17.0,61.0,59
2021/05/11,408,12769,362,130.0,0.02834990994,12237.0,22872,35641,50,6,50,138,0,138,34.0,42.0,19.0,62.0,59
2021/05/12,409,12811,362,140.0,0.028256966669999998,12238.0,22872,35683,42,0,42,202,0,202,32.0,42.0,17.0,61.0,59
2021/05/13,410,12941,362,190.0,0.02797310872,12349.0,22872,35813,130,0,130,270,1,269,29.0,44.0,18.0,63.0,59
2021/05/14,411,13061,366,236.0,0.028022356630000002,12419.0,22872,35933,120,4,120,325,0,325,40.0,39.0,19.0,61.0,59
2021/05/15,412,13075,368,219.0,0.028145315489999996,12447.0,22872,35947,14,2,14,323,0,323,46.0,39.0,17.0,61.0,59
2021/05/16,413,13084,368,223.0,0.02812595537,12452.0,25700,38784,9,0,2837,324,0,324,46.0,40.0,18.0,61.0,60
2021/05/17,414,13204,369,244.0,0.02794607695,12550.0,25700,38904,120,1,120,217,0,217,53.0,39.0,18.0,61.0,60
2021/05/18,415,13255,371,240.0,0.027989437949999998,12602.0,25700,38955,51,2,51,285,0,285,53.0,37.0,16.0,61.0,60
2021/05/19,416,13379,372,279.0,0.02780476867,12686.0,25700,39079,124,1,124,342,1,341,51.0,37.0,17.0,61.0,60
2021/05/20,417,13544,374,333.0,0.02761370348,12794.0,25700,39244,165,2,165,433,2,431,54.0,38.0,17.0,61.0,60
2021/05/21,418,13668,376,342.0,0.02750951127,12906.0,25700,39368,124,2,124,420,1,419,50.0,41.0,16.0,61.0,60
2021/05/22,419,13753,378,331.0,0.02748491238,12998.0,25700,39453,85,2,85,281,1,280,57.0,41.0,16.0,62.0,60
2021/05/23,420,13758,381,332.0,0.02769297863,12998.0,25700,39458,5,3,5,285,1,284,61.0,40.0,16.0,62.0,61
2021/05/24,421,13820,384,241.0,0.027785817660000003,13148.0,25700,39520,62,3,62,307,2,305,59.0,41.0,15.0,62.0,61
2021/05/25,422,13911,385,237.0,0.0276759399,13242.0,25700,39611,91,1,91,370,3,367,63.0,44.0,16.0,62.0,61
2021/05/26,423,13960,388,213.0,0.02779369628,13312.0,25700,39660,49,3,49,432,3,429,56.0,48.0,18.0,66.0,61
2021/05/27,424,14056,390,220.0,0.027746158219999997,13399.0,25700,39756,96,2,96,345,3,342,54.0,48.0,16.0,64.0,61
2021/05/28,425,14138,397,198.0,0.02808035083,13496.0,25700,39838,82,7,82,347,2,345,68.0,45.0,17.0,62.0,61
2021/05/29,426,14196,401,210.0,0.02824739363,13538.0,25700,39896,58,4,58,291,2,289,65.0,44.0,17.0,61.0,61
2021/05/30,427,14199,404,208.0,0.02845270794,13540.0,25700,39899,3,3,3,293,2,291,66.0,43.0,16.0,62.0,62
2021/05/31,428,14227,407,158.0,0.028607577139999996,13615.0,25700,39927,28,3,28,430,4,426,58.0,46.0,15.0,63.0,62
2021/06/01,429,14378,410,180.0,0.028515788010000005,13740.0,25700,40078,151,3,151,324,4,320,65.0,45.0,16.0,62.0,62
2021/06/02,430,14550,415,185.0,0.028522336769999997,13902.0,25700,40250,172,5,172,526,4,522,56.0,56.0,16.0,75.0,62
2021/06/03,431,14634,416,197.0,0.028426950939999997,13971.0,25700,40334,84,1,84,571,4,567,57.0,58.0,17.0,76.0,62
2021/06/04,432,14714,419,188.0,0.028476281089999996,14057.0,25700,40414,80,3,80,660,4,656,65.0,58.0,17.0,77.0,62
2021/06/05,433,14755,420,220.0,0.028464927139999995,14065.0,25700,40455,41,1,41,633,4,629,67.0,61.0,14.0,76.0,62
2021/06/06,434,14759,422,179.0,0.028592723080000004,14108.0,25700,40459,4,2,4,631,4,627,61.0,61.0,12.0,76.0,63
2021/06/07,435,14801,429,128.0,0.02898452807,14192.0,25700,40501,42,7,42,717,2,715,68.0,59.0,13.0,76.0,63
2021/06/08,436,14939,432,150.0,0.028917598230000004,14305.0,25700,40639,138,3,138,570,2,568,61.0,60.0,16.0,78.0,63
2021/06/09,437,15126,435,160.0,0.028758429189999997,14479.0,25700,40826,187,3,187,525,2,523,67.0,56.0,16.0,72.0,63
2021/06/10,438,15285,439,189.0,0.02872096827,14604.0,25700,40985,159,4,159,589,1,588,75.0,57.0,17.0,76.0,63
2021/06/11,439,15465,442,205.0,0.02858066602,14765.0,25700,41165,180,3,180,674,2,672,71.0,58.0,16.0,75.0,63
2021/06/12,440,15546,443,181.0,0.028496076160000005,14869.0,25700,41246,81,1,81,610,2,608,71.0,58.0,18.0,76.0,63
2021/06/13,441,15554,449,181.0,0.02886717243,14871.0,25700,41254,8,6,8,611,2,609,70.0,54.0,18.0,76.0,64
2021/06/14,442,15730,452,226.0,0.028734901460000004,14999.0,27040,42770,176,3,176,528,4,524,68.0,58.0,19.0,78.0,64
2021/06/15,443,15941,458,226.0,0.028730945360000003,15204.0,27040,42981,211,6,211,601,3,598,70.0,58.0,17.0,75.0,64
2021/06/16,444,16176,466,194.0,0.028808110780000003,15463.0,27040,43216,235,8,235,711,3,708,72.0,60.0,17.0,77.0,64
2021/06/17,445,16379,469,228.0,0.02863422675,15269.0,27040,43419,203,3,203,859,2,857,62.0,59.0,18.0,77.0,64
2021/06/18,446,16571,472,225.0,0.02848349526,15801.0,27040,43611,192,3,192,721,2,719,65.0,61.0,19.0,82.0,64
2021/06/19,447,16635,479,197.0,0.02879470995,15906.0,27040,43675,64,7,64,717,1,716,65.0,63.0,19.0,82.0,64
2021/06/20,448,16637,480,196.0,0.9561820040000001,15908.0,27040,43677,2,1,2,718,1,717,66.0,63.0,18.0,80.0,65
2021/06/21,449,16788,482,169.0,0.028710984039999995,16084.0,27040,43828,151,2,151,683,1,682,65.0,64.0,17.0,82.0,65
2021/06/22,450,16950,483,167.0,0.02849557522,16247.0,27040,43990,162,1,162,751,1,750,60.0,65.0,18.0,83.0,65
2021/06/23,451,17095,489,193.0,0.02860485522,16360.0,27040,44135,145,6,145,773,1,772,57.0,63.0,17.0,80.0,65
2021/06/24,452,17232,491,244.0,0.02849350046,16444.0,27040,44272,137,2,137,799,1,798,58.0,63.0,19.0,82.0,65
2021/06/25,453,17406,496,276.0,0.028495920950000003,16581.0,27040,44446,174,5,174,791,1,790,55.0,62.0,19.0,82.0,65
2021/06/26,454,17478,496,202.0,0.028378533010000005,16727.0,27040,44518,72,0,72,585,1,584,52.0,60.0,19.0,81.0,65
2021/06/27,455,17493,497,197.0,0.028411364550000002,16746.0,27040,44533,15,1,15,572,1,571,51.0,60.0,19.0,80.0,66
2021/06/28,456,17646,506,190.0,0.028675053839999996,16897.0,27040,44686,153,9,153,565,2,563,42.0,60.0,18.0,78.0,66
2021/06/29,457,17775,509,184.0,0.02863572433,17029.0,27040,44815,129,3,129,529,4,525,49.0,58.0,19.0,77.0,66
2021/06/30,458,17892,509,182.0,0.028448468589999998,17148.0,27040,44932,117,0,117,566,2,564,42.0,59.0,17.0,77.0,66
2021/07/01,459,17940,509,183.0,0.02837235229,17195.0,27040,44980,48,0,48,567,1,566,46.0,56.0,19.0,76.0,66
2021/07/02,460,18015,518,178.0,0.028753816260000002,17266.0,27040,45055,75,9,75,574,0,574,39.0,53.0,19.0,76.0,66
2021/07/03,461,18115,518,168.0,0.028595086939999997,17376.0,27040,45155,100,0,100,484,0,484,37.0,55.0,19.0,77.0,66
2021/07/04,462,18119,519,170.0,0.028643964900000003,17377.0,27040,45159,4,1,4,485,0,485,40.0,56.0,18.0,76.0,67
2021/07/05,463,18170,520,193.0,0.028618602089999997,17404.0,27040,45210,51,1,51,455,1,454,41.0,59.0,17.0,77.0,67
2021/07/06,464,18275,521,154.0,0.02850889193,17547.0,27040,45315,105,1,105,477,2,475,40.0,55.0,20.0,77.0,67
2021/07/07,465,18393,523,150.0,0.0284347306,17666.0,27040,45433,118,2,118,547,1,546,30.0,53.0,19.0,74.0,67
2021/07/08,466,18544,526,170.0,0.0283649698,17794.0,27040,45584,151,3,151,603,1,602,38.0,52.0,20.0,72.0,67
2021/07/09,467,18616,531,176.0,0.02852385045,17855.0,27040,45656,72,5,72,598,0,598,41.0,51.0,19.0,72.0,67
2021/07/11,468,18647,534,177.0,0.028637314310000002,17882.0,27040,45687,31,3,31,597,0,597,40.0,47.0,17.0,71.0,67
2021/07/12,469,18715,538,82.0,0.02874699439,18041.0,27040,45755,68,4,68,583,0,583,32.0,46.0,18.0,71.0,68
2021/07/13,470,18803,539,119.0,0.028665638460000004,18091.0,27040,45843,88,1,88,586,0,586,27.0,49.0,19.0,72.0,68
2021/07/14,471,18925,545,111.0,0.02879788639,18214.0,27040,45965,122,6,122,585,1,584,28.0,41.0,18.0,71.0,68
2021/07/15,472,19031,546,113.0,0.02869003205,18317.0,27040,46071,106,1,106,567,1,566,20.0,42.0,18.0,71.0,68
2021/07/16,473,19152,552,110.0,0.02882205514,18435.0,27040,46192,121,6,121,591,1,590,17.0,35.0,18.0,71.0,68
2021/07/17,474,19206,555,128.0,0.028897219619999998,18467.0,27040,46246,54,3,54,465,1,464,22.0,39.0,19.0,71.0,68
2021/07/18,475,19210,557,128.0,0.02899531494,18469.0,27040,46250,4,2,4,310,1,309,19.0,39.0,19.0,71.0,68
2021/07/19,476,19259,559,127.0,0.029025390730000003,18517.0,27040,46299,49,2,49,105,0,105,24.0,36.0,16.0,71.0,69
2021/07/20,477,19334,560,119.0,0.028964518460000005,18597.0,27040,46374,75,1,75,179,0,179,20.0,34.0,18.0,71.0,69
2021/07/21,478,19409,560,126.0,0.02885259416,18665.0,27040,46449,75,0,75,207,0,207,15.0,34.0,18.0,71.0,69
2021/07/22,479,19455,563,121.0,0.0289385762,18703.0,27040,46495,46,3,46,260,0,260,18.0,29.0,19.0,71.0,69
2021/07/23,480,19507,564,131.0,0.028912698010000005,18754.0,27040,46547,52,1,52,310,1,309,16.0,30.0,19.0,71.0,69
2021/07/24,481,19549,564,128.0,0.028850580589999997,18799.0,27040,46589,42,0,42,285,1,284,11.0,30.0,17.0,71.0,69
2021/07/25,482,19559,564,138.0,0.02883583005,18799.0,27040,46599,10,0,10,284,1,283,12.0,42.0,18.0,71.0,69
2021/07/26,483,19664,564,133.0,0.02868185517,18909.0,27040,46704,105,0,105,282,1,281,17.0,28.0,19.0,71.0,70
2021/07/27,484,19715,566,132.0,0.028709104739999998,18959.0,27040,46755,51,2,51,153,0,153,18.0,29.0,19.0,71.0,70
2021/07/28,485,19764,568,138.0,0.02873912164,19000.0,27040,46804,49,2,49,164,1,163,21.0,28.0,19.0,71.0,70
2021/07/29,486,19804,568,147.0,0.028681074530000003,19031.0,27040,46844,40,0,40,164,0,164,14.0,28.0,19.0,71.0,70
2021/07/30,487,19850,568,139.0,0.028614609569999998,19085.0,27040,46890,46,0,46,115,0,115,17.0,28.0,18.0,71.0,70
2021/07/31,488,19861,568,147.0,0.02859876139,19088.0,27040,46901,11,0,11,114,0,114,15.0,28.0,17.0,71.0,70
2021/08/01,489,19868,568,152.0,0.028588685319999998,19090.0,27040,46908,7,0,7,115,1,114,12.0,28.0,16.0,71.0,70
2021/08/02,490,19892,568,95.0,0.02855419264,19171.0,27040,46932,24,0,24,28,2,26,13.0,27.0,17.0,61.0,71
2021/08/04,491,19998,569,108.0,0.02845284528,19263.0,27040,47038,106,1,106,160,0,160,22.0,24.0,19.0,61.0,71
2021/08/05,492,20039,571,119.0,0.0028943560060000002,19291.0,27040,47079,41,2,41,186,0,186,16.0,23.0,18.0,61.0,71
2021/08/06,493,20074,572,107.0,0.028494570089999997,19337.0,27040,47114,35,1,35,112,0,112,15.0,22.0,17.0,61.0,71
2021/08/07,494,20080,572,93.0,0.028486055780000002,19357.0,27040,47120,6,0,6,112,0,112,17.0,21.0,18.0,61.0,71
2021/08/08,495,20081,572,80.0,0.02848463722,19371.0,27040,47121,1,0,1,112,0,112,16.0,21.0,18.0,61.0,71
2021/08/09,496,20111,572,84.0,0.02844214609,19397.0,27040,47151,30,0,30,82,0,82,10.0,22.0,18.0,61.0,71
2021/08/10,497,20153,573,93.0,0.02843249144,19429.0,27040,47193,42,1,42,149,0,149,11.0,23.0,18.0,61.0,72
2021/08/11,498,20172,573,84.0,0.028405710889999998,19457.0,27040,47212,19,0,19,128,0,128,14.0,22.0,19.0,61.0,72
2021/08/12,499,20215,573,100.0,0.02834528815,19484.0,27040,47255,43,0,43,101,0,101,14.0,21.0,18.0,61.0,72
2021/08/13,500,20238,574,120.0,0.028362486410000002,19485.0,27040,47278,23,1,23,41,0,41,15.0,20.0,20.0,61.0,72
2021/08/14,501,20252,574,99.0,0.028342879720000002,19520.0,27040,47292,14,0,14,41,0,41,15.0,20.0,19.0,61.0,72
2021/08/15,502,20254,574,99.0,0.02834008097,19522.0,27040,47294,2,0,2,41,0,41,13.0,19.0,19.0,61.0,72
2021/08/16,503,20265,576,68.0,0.02842339008,19562.0,27040,47305,11,2,11,40,1,39,7.0,20.0,17.0,61.0,72
2021/08/17,504,20301,576,86.0,0.028372986549999996,19580.0,27040,47341,36,0,36,43,0,43,6.0,19.0,15.0,61.0,73
2021/08/18,505,20316,577,89.0,0.028401260089999995,19591.0,27040,47356,15,1,15,52,0,52,5.0,19.0,16.0,61.0,73
2021/08/19,506,20366,578,113.0,0.02838063439,19616.0,27040,47406,50,1,50,53,1,52,7.0,19.0,14.0,61.0,73
2021/08/20,507,20374,579,115.0,0.028418572689999998,19621.0,27040,47414,8,1,8,49,0,49,7.0,19.0,15.0,61.0,73
2021/08/21,508,20374,580,95.0,0.02846765485,19640.0,27040,47414,0,1,0,48,0,48,6.0,18.0,16.0,61.0,73
2021/08/22,509,20375,580,79.0,0.028466257669999998,19657.0,27040,47415,1,0,1,50,0,50,10.0,17.0,17.0,61.0,73
2021/08/23,510,20396,581,89.0,0.02848597764,19667.0,27040,47436,21,1,21,43,0,43,8.0,18.0,18.0,61.0,73
2021/08/24,511,20396,581,89.0,0.02848597764,19667.0,27040,47436,0,0,0,43,0,43,8.0,18.0,18.0,61.0,74
2021/08/25,512,20439,581,81.0,0.028426048239999994,19718.0,27040,47479,43,0,43,80,0,80,7.0,18.0,17.0,61.0,74
2021/08/26,513,20459,581,91.0,0.028398259930000003,19728.0,27040,47499,20,0,20,88,0,88,8.0,18.0,19.0,61.0,74
2021/08/27,514,20470,581,94.0,0.028382999510000003,19736.0,27040,47510,11,0,11,66,0,66,6.0,17.0,19.0,61.0,74
2021/08/28,515,20471,581,86.0,0.028381613010000004,19745.0,27040,47511,1,0,1,66,0,66,8.0,17.0,16.0,61.0,74
2021/08/29,516,20471,581,85.0,0.028381613010000004,19746.0,27040,47511,0,0,0,66,0,66,11.0,16.0,16.0,61.0,74
2021/08/30,517,20506,582,46.0,0.0257485614,19819.0,27040,47546,35,1,35,53,0,53,8.0,16.0,11.0,61.0,74
2021/08/31,518,20510,582,49.0,0.028376401760000003,19820.0,27040,47550,4,0,4,80,0,80,8.0,16.0,11.0,61.0,75
2021/09/01,519,20539,582,51.0,0.02833633575,19847.0,27040,47579,29,0,29,75,0,75,6.0,17.0,11.0,61.0,75
2021/09/02,520,20554,582,51.0,0.028315656319999997,19862.0,27040,47594,15,0,15,65,0,65,6.0,17.0,11.0,61.0,75
2021/09/03,521,20582,582,64.0,0.028277135360000004,19877.0,27040,47622,28,0,28,47,0,47,9.0,15.0,11.0,61.0,75
2021/09/04,522,20586,582,64.0,0.028271640919999997,19881.0,27040,47626,4,0,4,47,0,47,7.0,17.0,11.0,61.0,75
2021/09/05,523,20592,582,55.0,0.028263403260000004,19896.0,27040,47632,6,0,6,47,0,47,9.0,17.0,11.0,61.0,75
2021/09/06,524,20592,584,50.0,0.02836052836,19898.0,27040,47632,0,2,0,47,0,47,16.0,14.0,11.0,61.0,75
2021/09/07,525,20601,584,50.0,0.028348138439999997,19907.0,27040,47641,9,0,9,47,0,47,7.0,15.0,11.0,61.0,76
2021/09/08,526,20608,584,30.0,0.02833850932,19933.0,27040,47648,7,0,7,32,0,32,4.0,14.0,11.0,61.0,76
2021/09/09,527,20645,584,31.0,0.028287721000000002,19969.0,27040,47685,37,0,37,49,0,49,4.0,15.0,11.0,61.0,76
2021/09/10,528,20680,584,40.0,0.02823984526,19995.0,27040,47720,35,0,35,29,0,29,6.0,12.0,11.0,61.0,76
2021/09/11,529,20682,584,36.0,0.0282371144,20001.0,27040,47722,2,0,2,30,0,30,7.0,11.0,11.0,61.0,76
2021/09/12,530,20685,584,34.0,0.028233019100000003,20006.0,27040,47725,3,0,3,30,0,30,6.0,12.0,11.0,61.0,76
2021/09/13,531,20703,585,37.0,0.028256774380000002,20020.0,27040,47743,18,1,18,38,0,38,9.0,11.0,11.0,61.0,76
2021/09/14,532,20708,585,26.0,0.028249951710000002,20036.0,27040,47748,5,0,5,63,0,63,7.0,12.0,11.0,61.0,77
2021/09/16,533,20745,586,45.0,0.028247770550000002,20053.0,27040,47785,37,1,37,32,0,32,8.0,11.0,11.0,61.0,77
2021/09/17,534,20770,586,57.0,0.02821376986,20066.0,27040,47810,25,0,25,36,0,36,6.0,13.0,11.0,61.0,77
2021/09/20,535,20790,587,50.0,0.028234728230000002,20092.0,27040,47830,20,1,20,34,0,34,7.0,10.0,11.0,61.0,77
2021/09/21,536,20807,587,44.0,0.02821165954,20115.0,27040,47847,17,0,17,54,0,54,5.0,10.0,11.0,61.0,77
2021/09/22,537,20816,587,43.0,0.028199461949999997,20125.0,27040,47856,9,0,9,37,0,37,6.0,12.0,11.0,61.0,77
2021/09/23,538,20843,588,43.0,0.02821091014,20151.0,27040,47883,27,1,27,66,0,66,4.0,11.0,11.0,61.0,77
2021/09/24,539,20860,589,54.0,0.0282358581,20156.0,27040,47900,17,1,17,53,0,53,6.0,10.0,11.0,61.0,78
